﻿Designator,Quantity,Value,Footprint,Package,MPN,DNP,Mount_Type,Description
"D1, D2",2,LED,LED_D3.0mm,,,,tht,Light emitting diode
"J1, J2, J4",3,Conn_01x02,AMASS_XT30UPB-M_1x02_P5.0mm_Vertical,,,,tht,"Generic connector, single row, 01x02, script generated (kicad-library-utils/schlib/autogen/connector/)"
"Q1, Q2",2,2N3904,TO-92_Inline,,,,tht,"0.2A Ic, 40V Vce, Small Signal NPN Transistor, TO-92"
"R2, R3",2,10k,R_Axial_DIN0207_L6.3mm_D2.5mm_P10.16mm_Horizontal,,,,tht,Resistor
RV1,1,10k,Potentiometer_Vishay_148-149_Single_Horizontal,,,,tht,Potentiometer
