﻿pos_x,pos_y,rotation,side,designator,mpn,pack,footprint,value,mount_type
139.96,-88.5,0.0,top,D1,,,LED_D3.0mm,LED,tht
125.73,-88.5,0.0,top,D2,,,LED_D3.0mm,LED,tht
97.5,-45.5,0.0,top,J1,,,AMASS_XT30UPB-M_1x02_P5.0mm_Vertical,Conn_01x02,tht
139.0,-48.0,90.0,top,J2,,,AMASS_XT30UPB-M_1x02_P5.0mm_Vertical,Conn_01x02,tht
144.0,-73.5,90.0,top,J4,,,AMASS_XT30UPB-M_1x02_P5.0mm_Vertical,Conn_01x02,tht
101.23,-60.86,0.0,top,Q1,,,TO-92_Inline,2N3904,tht
101.23,-73.0,0.0,top,Q2,,,TO-92_Inline,2N3904,tht
119.5,-60.5,90.0,top,R2,,,R_Axial_DIN0207_L6.3mm_D2.5mm_P10.16mm_Horizontal,10k,tht
120.2,-73.28,0.0,top,R3,,,R_Axial_DIN0207_L6.3mm_D2.5mm_P10.16mm_Horizontal,10k,tht
110.575,-86.475,180.0,top,RV1,,,Potentiometer_Vishay_148-149_Single_Horizontal,10k,tht
